dddddd|$1$LZpYCYbn$qwqeqiAk5KBa8DxPxy6ek.||
|dddddd|$1$HA11lT2A$ZaOBcGs00Ktgjg2y1i5Hh.||
|j,$1$ao2khAje$9Hvm3fKtWQDoH/1i8NkZk0,j,j,j,j/nm,$1$YpMNfQNi$xw1zQQ10Gl47duNVbVEXy1,m,,m,m,m,$1$Ba0RanRS$HonOQWkzf3HXVXT5XNnMw1,m,m,m,m/ni,$1$zhl5YVNq$zeFbLwdune7Ch/Vp4706i/,i,i,i,i
j,$1$t2HMBr1C$b.H5..NkCpCREUJqNfwax/,j,j,j,j
j,$1$to2dr71A$1lOaiQTqsFh8/NVt1d0yd.,j,j,j,j
,$1$LBPQKkmk$1q6/cBu55y.WXD9clgvAd/,,,,
k,$1$kDkLFj5v$W.vE3tt/UL8LIXGbKZjvA0,k,j,k,m
k,$1$yffM69jm$swIuJoOpzBir3.5Vv0eb//,k,k,k,k
k,$1$a3KSt5c2$Z4vVELaQnoQ/VssY/S7eZ1,k,k,k,k
k,$1$uoYdd.OP$xx/vmAntp8ObZeAilTUfJ/,k,k,k,k
k,$1$VMh76TU7$KVw.h2aS.rWrYHeUu/zSk.,k,k,k,k
k,$1$P1O/g8Wh$pE/RS2u6TJHaW1bdKcxtk0,k,k,k,k
k,$1$DAG5pfrY$f.oQP8lU4H7fwES0PxDSg.,k,k,k,k
k,$1$eJpg7pcH$teBYhRZr5toiDr4Bb6xxQ/,k,k,k,k
k,$1$Gp2XusAm$NuTgcChElFLND8O8Yhnny/,k,k,k,k
k,$1$/gRXt47I$y9.thQdSLA3LHDnzlpBOz/,k,k,k,k
k,$1$e7EwfC7S$qSaezzL2IIqcVvwlTmxBe.,k,k,k,k
k,$1$OhsYYURg$Fy3qSI0LlWdrv0Icgqqd50,k,k,k,k
student,$1$eDkWGjbq$PnkRMKdDDWlrO9hMTQyW21,,,,
,$1$kldtBFBf$jeb997wafr7TWNtTcl9/N/,,,,
student,$1$/WdexM1N$7r6QUTWiVooEAGXtP/JgW0,,,,
student,$1$5lMPdPWB$BWd5A60KFsdWXSPKxlTjA.,,,,
,$1$YFJ2lkjh$Exa7Zi3Li14BQJ4qq9bFo.,,,,
,$1$4kRD7VSP$RrmKM9L9If1yPt2zh5bG30,,,,
student,$1$ow648UzP$p5OdQRiBHQMY.1dtY4uId0,,,,
fn,$1$.W0Nyq1q$3h/GUAdCGWGHEE52w5Huy/,nf,nf,fnf,nf
fn,$1$G0Oc1P8g$/IvHTDb5cQHLNzvtp8QKx1,nf,nf,fnf,nf
student,$1$Goh5.Xdo$WThOY8qdXHC32SLVTrMXd/,,,,
,$1$tbgpAlZg$.LIhhkwGtCfT9kbT8IqYZ.,,,,
,$1$NkMU/.fC$2.MX3EVipE6E4er/MWVBH/,,,,
student,$1$0MZ7cEp1$bj7RmrVpOizqJUqukvrza1,,,,
j,$1$J5adqzmr$bN2FUtntj4hHOe.QQYhZe/,j,j,j,j
j,$1$cbkA/24x$VOiGvtvuOvP2YkUk7YYaV0,j,j,j,j
j,$1$1pOWnSM1$sy.JW0SsmjlrgQ.UnS32a1,j,j,j,j
j,$1$xs50dS/5$NWWvMEimF3HXBJmi1qUQL/,j,j,j,j
j,$1$7FkPHG1i$AlGZm2orHS6TuFvdpsIIB/,j,j,j,j
j,$1$oGeftHqy$/9rzWCrTXvOuZhKuziD5R0,j,j,j,j
j,$1$C3MPhIWX$zqIfPeUL2.PO6gLqZD5UX.,j,j,j,j
student,$1$Upe7ZJeO$WuL7oJhy72c9LXfZH5u.q1,,,,
,$1$FkH9OmTQ$EprleBZxSGr/HPqxs4BGs0,,,,
babadav@gmail.com,$1$Ul77i6iO$lT/UVWJ39rKSLuqzbmCcf1,David,Babayev,ffffff,ffffff
babadav,$1$BkVZqvaF$QJbaZOTS9dxcaZic80Fe60,j,j,jj,j
babadav,$1$Ve8HI6uZ$.6BtUChk8mqYU6PAe2hRU0,k,k,k,k
